herria_es,herria_eu,testua1_es,testua2_es,testua1_eu,testua2_eu,irudia,irudia1,irudia2
Ablitas,Ablitas,"En el año 2005 una serie de amigos comenzó a dar forma a lo que sería la comparsa de Ablitas. Al no disponer de gigantes propios tuvieron que pedirlos a los pueblos vecinos (Fustiñana y Murchante).Como a la comparsa se le veía continuidad se decidió adquirir los primeros gigantes.","En el año 2008 llegaron los primeros gigantes, Vitorio y Vicenta, dos olivareros. El aceite de oliva es un producto con mucha tradición en Ablitas, de ahí que estas dos figuras identifiquen de manera gráfica al pueblo.Como el número de integrantes de la comparsa iba creciendo, se decidió comprar dos nuevas figuras. Estas llegaron en el año 2010, Kiros y Jemila, dos reyes africanos. Los nombres fueron elegidos por los alumnos del colegio Jose Luis de Arrese.Para completar con la estructura actual de la comparsa, en el año 2011 se adquirió una nueva pareja de gigantes, basada en personalidades relevantes en la historia del pueblo. De ahí que se eligiera a Josef Ezmel y Fatbuena, judíos del siglo XII que fundaron el Banco de Ablitas y ayudaron a mucha gente.","2005. urtean lagun talde bat bildu zen Ablitaseko konpartsa sortzeko. Hasieran ez zeukaten erraldoirik eta ondoko herrietakoak (Fustiñana, Murchante) eskatzen zituzten.Bere erraldoien lehenbiziko bikotea erostea erabaki zuten, eta hauek 2008an heldu ziren. Vitorio eta Vicenta ziren, bi oliba-biltzaileak. Ablitaseko olioa ospe handikoa da. Hori dela eta bi irudi hauek oso grafikoki ordezkatzen dute herria.","Ikusita konpartsak gero eta kide gehiago zituela, bi irudi berri erostea erabaki zuten. 2010ean Kiros eta Jemila, bi errege afrikar, heldu ziren. Izenak Jose Luis de Arrese eskolako ikasleek aukeratu zituzten.Azkenik, 2011n, erraldoien beste bikote bat erosi zuten. Azken bikote honetarako herriko pertsonai historiko esanguratsuak aukeratu nahi izan zituzten. Hori dela eta Josef Ezmel eta Fatbuena aukeratu zuten, XII. mendeko juduak, Ablitaseko bankua sortu zutenak, bai eta herritar asko lagundu ere.",erraldoia_20.png,Ablitas_1.JPG,Ablitas_2.JPG
Aibar,Oibar,"La Comparsa de gigantes y cabezudos de Aibar nació el 15 de agosto de 1994, día grande de las fiestas de la localidad. Su construcción había comenzado ocho meses antes. Jacinto Moreno diseñó y construyó su estructura, María Fernández realizó las cuatro cabezas, y Gregorio Aísa se encargó del diseño y confección de los trajes."," También los vecinos de Aibar y miembros de la comparsa trabajaron para tener listas las figuras antes de fiestas. El trabajo en común de todos los vecinos bautizó también a la comparsa, que se llama Auzolan.","Oibarreko erraldoien konpartsa 1994ko abuztuaren 15ean jaio zen, jaietako egun nagusian. Baina erraldoiak zortzi hilabete lehenago hasi ziren egiten. Jacinto Morenok egitura diseinatu eta egin zuen, María Fernándezek erraldoietako buruak, eta Gregorio Aísak jantziak egin eta diseinatu zituen."," Azpimarratzekoa da Oibar herriko bizilagunek egindako lana, haiek ere jo eta ke aritu baitziren erraldoien irudiak jaietarako prest egon zitezen. Hori dela eta, “Auzolan” da konpartsaren izena.",erraldoia_06.png,,
Alsasua,Altsasu,En este álbum incluimos a los dos gigantes que nos parecen más originales y representativos de los seis de que dispone la comparsa de Alsasua.En 1975 la enpresa Aragonesa de Fiestas realizó dos parejas de gigantes para Alsasua: Marco Antonio y Cleopatra y los reyes moros. ,"Son gigantes que pueden encontrarse también en otras comparsas de Navarra, por lo que preferimos incluir los que sí son originales de esta comparsa de la Sakana: Sorgiña y Momotxorro, que están relacionados con el carnaval alsasuarra. Esta pareja de gigantes fue creada también por Aragonesa de Fiestas en 1995.","Altsasuko konpartsak sei erraldoi ditu, baina guk hemen bi (Sorgiña eta Momotxorro) besterik ez ditugu sartuko. Beste bi erraldoien bikoteak (Marco Antonio eta Cleopatra eta errege mairuak) Aragonesa de Fiestas enpresak egin zituen 1975. urtean, eta Nafarroako beste zenbait herritan ere ikusten ahal dira.","Sorgiña eta Momotxorro, aldiz, Altsasuko inauterietako berezko pertsonaiak dira. Erraldoi hauek ere Aragonesa de fiestas enpresak egin zituen, 1995. urtean.",erraldoia_22.png,Aezkoa 1.JPG,Aezkoa 5.JPG
Aoiz,Agoitz,"El 24 de julio de 1974, el pleno del Ayuntamiento, siendo Miguel Ángel León alcalde, decidió encargar a la empresa Aragonesa de Fiestas la construcción de una pareja de Reyes Católicos. Los trajes fueron confeccionados por la Asociación de Amas de Casa de la localidad.Los primeros portadores de los gigantes fueron Salvador Rubín, Vicente Poyo, Javier Aquerreta y Agustín Villanueva, entonces párroco de Aoiz.","La segunda pareja de gigantes llega a la localidad en mayo de 1987. Esta vez la comparsa elige personajes ligados a la historia de la Villa. Las figuras de Carlos III el Noble y la princesa Doña Magdalena, que no fueron pareja en la vida real, tomaron forma en el barrio de la Txantrea. Antonio Monguilán, Maria José Iturmendi, Ana Gorriz, Juan José Moreno y Blas Subiza fueron los componentes del equipo encargado de la construcción de esta nueva pareja.Finalmente, en 1992, Blas Subiza vuelve a comandar un equipo integrado por Javier Machas, Mintxo Ilundain y Antonio Monguilán, para realizar otra pareja de gigantes. Esta vez la comparsa se decantó por una pareja de agoizkos, vestidos con los trajes que se cree que antiguamente se vestían en los días festivos en la localidad.","1974 uztailaren 24an, Miguel Ángel León alkatea zenean, udalbatzak onetsi zuen Aragonesa de Fiestas enpresak bi erraldoi egin zitzala. Jantziak herriko etxekoandreen elkarteak egin zituen.Salvador Rubín, Vicente Poyo, Javier Aquerreta eta Agustín Villanueva (Agoitzeko parrokoa zena) izan ziren lehenbiziko erraldoien eramaileak.Erraldoien bigarren bikotea (Karlos Noblea eta Magdalena Printzesa) 1987ko maiatzerako bukatu ziren.","Bi pertsonai hauek aukeratu ziren herriarekin zerikusia izan zutelako. Txantrean egin zituen Antonio Monguilánek, Maria José Iturmendik, Ana Gorrizek, Juan José Morenok eta Blas Subizak osatzen zuten talde batek.Azkenik, 1992. urtean, Blas Subizak, Javier Machas-ek, Mintxo Ilundainek eta Antonio Monguilánek erraldoien beste bikote bat egin zuten, agoizkoen bikote bat kasu honetan, eta aitzinean herriko jai-egunetan jazten zen jantziekin edertu ziren.",erraldoia_52.png,,
Arre,Arre,"La comparsa de Arre nació el 24 de abril de 2010. Dos cuadrillas de jóvenes del pueblo pensaron construir los gigantes de su pueblo, pero el Concejo decidió comprar los del pueblo madrileño de Valverde de Alcalá, que estaban en venta.","Estos gigantes eran una pareja de reyes, un caballero y un pintor. La pareja de reyes fue remodelada. Los trajes los confeccionaron las cuadrillas de las que surgió la idea de crear una comparsa, con la ayuda de manos expertas.","Arreko konpartsa 2010eko apirilaren 24an sortu zen. Hasiera batean, herriko gazte batzuei bururatu zitzaien erraldoien konpartsa bat sortzea, baina, azkenik, Kontseiluak Madrileko Valverde de Alcalá herrian salmentan zeuden lau erraldoi erosi zituen.","Erraldoiak errege bikote bat, zaldun bat eta pintore bat dira. Erregeen bikotea birmoldatu zen. Erraldoien konpartsa sortzearen ideia sustatu zuten herriko gazteek egin zituzten jantziak, adituen laguntzarekin.",erraldoia_93.png,,
Artajona,Artaxoa,"Los dos gigantes de la localidad representan a Saturnino Lasterra, cruzado natural de Artajona que en el siglo XI participó en la conquista de Jerusalén, de donde trajo la imagen de la actual patrona de Artajona, la Virgen de Jerusalén, y a Martina Goicoechea, maestra del pueblo y fundadora del hospital.","Las figuras (cabezas y manos) las realizaron los artesanos de la Txantrea Blas Subiza y Mintxo Ilundain en 1995. Los cuerpos, armazones y trajes los elaboró un entusiasta grupo de jóvenes de la localidad. Los gigantes se presentaron en sociedad en marzo de 1995, con motivo de una concentración de gigantes.","Erraldoiek herriko bi pertsonai irudikatzen dituzte. Saturnino Lasterra, Artaxoako gurutzatua, XI. mendean Jerusalengo konkistan parte hartu zuena eta Gurutzadatik Artaxoako egungo patroiaren irudia ekarri zuena: Jerusalengo Andra Mari. Eta Martina Goikoetxea, herriko maistra eta ospitaleko fundatzailea.","Irudiak (buruak eta eskuak) Txantreako tailerrean egin zituzten Blas Subiza eta Mintxo Ilundain artisauek 1995. urtean. Herriko gazte talde gogotsu batek landu zituen gorputzak, euskarriak eta jantziak. Erraldoiak 1995eko martxoan aurkeztu ziren, propio antolaturiko erraldoien elkarretaratze batean.",erraldoia_23.png,,
Baigorri,Baigorri,Los miembros de la sociedad Basaizea Elkartea se encargan de bailar y mantener las figuras de este pueblo bajonavarro.,"Lo más reseñable es que estas figuras originariamente pertenecían a Sangüesa, y que fueron los propios miembros de la comparsa sangüesina quienes se las regalaron en 2006.",Basaizea Elkarteko kideak arduratzen dira Nafarroa Behereko herri honetako erraldoiak dantzatzen eta zaintzen.,"Irudi hauei dagokienez, alderdirik aipagarriena da azaltzea erraldoi hauek Zangotzako lehengo erraldoiak direla eta Zangotzako konpartsako kideek erregalatu zietela Baigorrikoei 2006an.",Erraldoia_100.png,Baigorriko Ziganteak 2.jpg,Baigorriko Ziganteak 4.jpg
Barañain,Barañain,"En 1977 el Ayuntamiento de Barañáin compró a la empresa Aragonesa de fiestas dos parejas de gigantes: el Pamplonica, la mujer regional, don Quijote y Dulcinea. Estos son los gigantes antiguos de la localidad.","Como ha ocurrido en muchos otros lugares, también en Barañáin cedieron a la tentación de elegir para sus gigantes a personajes más cercanos y representativos de las costumbres de la localidad. Y encargaron su construcción a Mari Ganuza, quien presentó en 2004 a la pareja de pastores, y en 2005 a la pareja de Berinianos (gentilicio de Barañáin).","1977. urtean Barañaingo Udalak Aragonesa de Fiestas enpresako lau erraldoi erosi zituen: Pamplonica, andre erregionala, On Kixote eta Dulzinea. Hauek dira Barañaingo erraldoi zaharrak.Baina beste hainbat lekutan bezala, Barañainen ere bere erraldoi berrietarako herriko pertsonaiak aukeratu zituzten."," Barañaingo erraldoi berriak Mari Ganuzak egin zituen. 2004. urtean artzainen bikote bat aurkeztu zuen eta urte bat beranduago, 2005ean, Beriniarren bikotea. Beriniarra da Barañaingo jentilizioa.",erraldoia_25.png,,
Berriozar,Berriozar,"En Berriozar contaban desde 1984 con dos parejas de gigantes construidos por Aragonesa de Fiestas, pero los que aquí aparecen son dos parejas fabricadas por Mari Ganuza, la primera presentada en 1998 (pareja de Mayordomos) y la segunda (Pastor y Vendimiadora) en 1999.","Los mayordomos son una tradición muy arraigada en diferentes localidades de Navarra, deben ser mayores de 18 años y solteros, presiden la misa y el almuerzo popular, y encabezan los bailes.Las figuras del Pastor y la Vendimiadora se eligieron por ser estas dos de las profesiones más frecuentes en el Berriozar de antaño.","Berriozarren 1984. urtetik aitzina bazituzten erraldoiak, Aragonesa de Fiestas enpresak egindakoak. Baina hemen agertzen direnak Mari Ganuzak egin zituen. Lehenbiziko bikotea –maiordomoak– 1998. urtean aurkeztu ziren, eta bigarrena –artzaina eta mahats-biltzailea– 1999. urtean.","Maiordomoen usadioa oso zabalduta dago Nafarroan. 18 urte baino gehiagoko ezkongabeak dira herri gehienetan. Jaietan zenbait betekizun daukate: mezan buru izatea, hamaiketakoa zerbitzatzea eta gainontzekoen aurrean dantzatu beharra.Artzaina eta mahats-biltzailearen irudiak aukeratu ziren bi ogibide hauek oso arruntak omen zirelako aintzinako Berriozarren.",erraldoia_02.png,,
Buñuel,Buñuel,Los gigantes de Buñuel están dedicados a Alfonso I (El Batallador) y su esposa doña Urraca y a los patronos de la localidad San Antón y Santa Ana., Estos últimos están caracterizados como campesinos. Fueron fabricados en el año 2000 por Xabier Garate.,Herri honetako erraldoiek irudikatzen dituzte Alfontso I.a (Borrokalaria) eta bere emazte Urraca andrea eta herriko zaindariak diren San Anton eta Santa Ana. Hauek nekazarien gisan daude jantzita. ,Xabier Garatek egin zituen 2000. urtean.,erraldoia_40.png,,
Burlada,Burlata,"En Burlada en 1991 eran conscientes de la necesidad de renovar sus gigantes y de la conveniencia de elegir personajes ligados a la localidad. La labor de construcción de los gigantes fue encargada a Mari Ganuza, quien contó con la ayuda de Félix Flamarique, y se decidió que los personajes fueran Bernard D’Armagnac, Doña Leonor de Borbón, Francisco Ardanaz y Josefa Ardanaz.","Los hermanos Francisco y Josefa Ardanaz habían nacido en “Casa Soldau”. Francisco fue funcionario del ayuntamiento, y plantó los chopos de la Nogalera de Burlada. Josefa Ardanaz era lavandera y se ocupaba de vestir a las jóvenes que habían hecho la primera comunión para su participación en la procesión del Corpus Christi.","Burlatan 1991. urtean konturatu ziren erraldoi berriak egin behar zituztela konpartsarako. Mandatu hori Mari Ganuzari egokitu zitzaion, eta Félix Flamariquek lagundu zion. Aukeratu ziren pertsonaiak Bernard D’Armagnac, Leonor de Borbón, Francisco Ardanaz eta Josefa Ardanaz izan ziren.",Francisco eta Josefa Ardanaz anai-arrebak ziren eta “Soldau” etxean ziren jaioak. Francisco udaleko funtzionarioa zen eta Burlatako intxaustiko makalak landatu zituen. Josefa Ardanaz latsaria zen eta Corpuseko prozesioan laguntzen zuen jaunartzea egin berria zuten neskak janzten.,erraldoia_08.png,,
Buztintxuri,Buztintxuri,"El germen de la creación de esta comparsa de gigantes nace del grupo “Gaiteros Haizeberri Dultzaineroak"", quienes en 2012 promueven la creación de la primera pareja de gigantes: Mikel y Felisa. Su construcción fue costeada por fondos particulares y dirigida por el artesano Imanol Urabayen.","Viendo la favorable acogida que los habitantes de este nuevo barrio de Pamplona dieron a su primera pareja de gigantes, se aventuraron a crear una segunda, Ana y Antonio, que fue presentada en abril de 2013.Así pues, los personajes representados en esta comparsa son Mikel, Ana, Antonio y Felicia, todos ellos antiguos labradores de la zona.","“Gaiteros Haizeberri Dultzaineroak"" taldeko kideei bururatu zitzaien erraldoien konpartsa bat egitea. Horrenbestez, 2012an lehenbiziko bikotea sortu zuten, Mikel eta Felisa. Erraldoiak egiteko prozesua Imanol Urabayen artisauak zuzendu zuen eta beharreko dirua partikular batzuk ordaindu zuten. ","Auzokideek erraldoi berriei egindako harrera ona ikusita, beste bikote bat egiten animatu ziren, Ana eta Antonio. Hauek 2013ko apirilean aurkeztu zituzten.Buztintxuriko erraldoiak, Mikel, Ana, Antonio eta Felicia, eskualdeko baserritarrak dira.",erraldoia_192.png,,
Carcastillo,Zarrakaztelu,La comparsa de Carcastillo se formó en 1976. Las cuatro figuras actuales se compraron en 1996 y se intentó que representaran al pueblo.," La primera pareja (los reyes), está formada por el Príncipe de Viana y Doña Blanca de Navarra, y la segunda pareja (los bardeneros) está formada por el bardenero y la segadora, ambos ataviados con la vestimenta que estos llevaban en la antigüedad.",Zarrakazteluko konpartsa 1976. urtean sortu zen. 1996. urtean udalak nahi izan zuen herriko erraldoiak esanguratsuak izatea herriko biztanleentzat. ,"Lehenbiziko bikotea (erregeak) Vianako Printzea eta Nafarroako Blanka osatzen dute; eta bigarrena (bardearrak) Bardear bat eta Segalari bat, biak ala biak aintzineko lanbide horretakoak bezala jantzita.",erraldoia_27.png,,
Cascante,Cascante,"Los gigantes de Cascante son una pareja de reyes blancos y otra de reyes moros, pero no todos llegaron a la vez. ","La reina mora se hizo de rogar, porque fue casi veinte años más tarde de la construcción de las otras tres figuras cuando el cascantino Miguel Ángel Sánchez Hernández le dio forma. La particularidad de estos gigantes es su escasa estatura, pues rondan los 2,80 metros de altura.",Cascante herriko erraldoi “handiak” errege txurien bikote bat eta errege mairuak dira. ,"Errege txuriak eta errege mairua egin eta hogei urte geroago, Miguel Ángel Sánchez Hernández-ek erregina mairua egin zuen. Erraldoi hauen bitxitasuna da txikiak direla, 2,80 metro inguru neurtzen baitituzte.",erraldoia_03.png,,
Casco Viejo de Pamplona,Iruñeko Alde Zaharra,"La comparsa de gigantes del Casco Viejo la componen cuatro gigantes que representan a los elementos de la naturaleza: Lurra (tierra), Sua (fuego), Ura (agua) eta Airea (aire)."," Fueron los jóvenes del barrio quienes crearon esta comparsa en el año 2001.Lurra y Sua fueron los primeros gigantes de la comparsa. Los fabricó Mari Ganuza en 2001. Posteriormente, en 2002, el mismo artesano dio vida a Ura y Airea.","Alde Zaharreko erraldoi handiek naturaren elementuak irudikatzen dituzte: Lurra, Sua, Ura eta Airea. Konpartsa hau auzoko gazteek sortu zuten 2001. urtean.","Lehenbiziko erraldoiak, Lurra eta Sua, 2001ean heldu ziren. Urte bat geroago, 2002an, Ura eta Airea bildu zitzaien. Lauak ala lauak Mari Ganuza artisauak egin zituen.",erraldoia_31.png,Alde Zaharra.jpg,
Chantrea,Txantrea,"La comparsa de gigantes de la Txantrea comenzó a gestarse en diciembre de 1983 entre miembros de la Peña Armonía Txantreana. Desde el principio se tenía claro que las figuras no representarían ni a reyes ni a los clásicos personajes que diversas empresas fabricaban.Se decidió apostar por personajes de la mitología vasca. El libro Mitología Vasca de Joxe Miel de Barandiaran y una visita a Julio Caro Baroja a su casa de Bera fueron los elementos que propiciaron que los personajes elegidos fueran Tartalo, Basajaun, Sorgiñe y Mari.","Los gigantes se fabricaron de manera artesanal por miembros de la peña Armonía Txantreana. Un taller de costura del barrio se encargó de la confección de los trajes. Los gigantes de la Txantrea fueron presentados el 29 de abril de 1984, y desde entonces su identificación con el barrio ha sido incuestionable. ","1983ko abenduan, Armonia Txantreanako Peñan izandako bilera batean, sortu zen lehenbiziko aldiz erraldoien konpartsa bat egiteko aukera. Hasiera-hasieratik oso garbi zuten ez zutela nahi erraldoiak erregeak edo garaiko zenbait enpresek egiten ohi zituzten pertsonaiak izatea. ","Joxe Miel de Barandiaranek idatziriko Euskal Mitologiari buruzko liburua irakurrita eta Julio Caro Barojari egindako bisita baten ondoren, Txantreako pertsonaiak euskal mitologiakoak izanen zirela erabaki zuten, eta Tartalo, Basajaun, Sorgiñe eta Mari aukeratu zuten.Erraldoiak Armonía Txantreana peñako kideek egin zituzten, eta jantziak auzoko jostun-tailer batean egin ziren.Txantreako erraldoiak 1984ko apirilaren 29an aurkeztu ziren. Hortik aitzina, auzoarekin lortu duten identifikazioa erabatekoa izan da.",erraldoia_83.png,Txantrea 1.jpg,Txantrea 2.jpg
Cintruénigo,Cintruénigo,"Los actuales gigantes de Cintruénigo son muy antiguos. La primera pareja, los reyes blancos (Sancho VII el Fuerte y doña Blanca de Navarra), data de 1944."," Y la segunda, los reyes negros (Abderraman II y la Reina Mora), es de 1945. Los trajes los elaboró Primitiva Alvero, vecina de la localidad.","Antzinakoak dira Cintruenigoko egungo erraldoiak. Lehenbiziko bikotea, errege txuriak (Antso VII.a Azkarra eta Nafarroako Blanka) 1944. urtean heldu zen herrira."," Eta bigarren bikotea, errege beltzak (Abderraman II.a eta erregina mairua) 1945ean. Jantziak Cintruenigon bertan egin zituen Primitiva Alverok.",erraldoia_170.png,,
Cortes,Cortes,"Los actuales gigantes de Cortes fueron hechos por la empresa Aragonesa de fiestas en 2005 y sustituyeron a los antiguos, que habían sido destruidos por una tromba de agua."," El Ayuntamiento decidió utilizar sus gigantes para dar a conocer una tradición muy arraigada en la localidad: el paloteado. Por ello, la pareja de gigantes representa a dos dantzaris del paloteado.","Gaur egungo Corteseko erraldoiak 2005ean egin zituen Aragonesa de Fiestas enpresak, euri zaparrada batek suntsitu zituenak ordezkatze aldera.", Oraingo honetan Udalak ezagutarazi nahi izan zuen Corteseko ospe handiko tradizio bat: Corteseko makildantza. Hori dela eta Corteseko erraldoi bikoteak makildantza irudikatzen du.,erraldoia_223.png,,
Espinal,Auzberri,En 1984 el concejo de Espinal encargo una pareja de gigantes (el pirata y la bruja) a una empresa de Valencia.," Los trajes los elaboraron vecinos de la localidad. Nueve años después, en 1993, un vecino apellidado Irisarri fabricó la otra pareja de gigantes: el txuntxunero y el ama de casa.",1984. urtean Aurizberriko kontzejuak erabaki zuen erraldoien bikote bat egitearen mandatua Valentziako enpresa baten esku uztea. Hauek pirata eta sorgina egin zituzten.," Bederatzi urte geroago, 1993an, Irisarri izeneko herriko bizilagun batek bigarren bikotea egin zuen: txuntxuneroa eta etxekoandrea. ",erraldoia_33.png,,
Huarte,Uharte,"La primera pareja de gigantes llegó al pueblo en 1950. Fue Francisco Fusté, un catalán de Reus afincado en Huarte, quien tuvo la iniciativa de crear unos gigantes. En 1950 el ayuntamiento les encargo que hicieran la primera pareja, los reyes. Las cabezas y manos las modeló Miguel Pámies en un local de Reus. En cambio, los armazones sí que se fabricaron en Huarte por Bienvenido Deogracias Arrieta. ","Hubo que esperar 36 años para que llegara al pueblo la pareja que representa a dos mayordomos de la localidad, que son obra del artista local Patxi Buldain. Los cuatro gigantes fueron remodelados entre 2005 y 2006 por Aitor Calleja.","1950ean erraldoien lehenbiziko bikotea, erregeak, heldu zen herrira. Erraldoiak egitearen jatorrizko ideia Uharten bizi baina Reuskoa zen Francisco Fusté jaunarena izan zen. 1950. urtean udalak enkargatu zion erraldoien bikote bat egitea. Buruak eta eskuak Miguel Pámiesek modelatu zituen Reusen. Zurezko euskarria, aldiz, Uharten bertan egin zuen Bienvenido Deogracias Arrieta jaunak.","36 urte beranduago bigarren bikotea heldu zen. Uharteko artisau Patxi Buldain jaunak egin zituen eta herriko maiordomoen gisan daude jantzita.Lau erraldoiek erabateko konponketa bat jasan zuten 2005. eta 2006. urteen artean, Aitor Callejak egina.",erraldoia_07.png,,
Irurzun,Irurtzun,"La comparsa nació en 1982 y salió por primera vez el 23 de julio de 1983. Los gigantes tenían que tener arraigo en el pueblo. Por ello, se descartó adquirirlos en una fábrica. Los gigantes representan a Amaia, García Ximenez, Petronila y Teodosio de Goñi,, personajes de la novela de Navarro Villoslada “Amaia o los vascos en el siglo VIII”. ","Las figuras las moldeó Ángel Azkona. Se hicieron de fibra de vidrio, y las estructuras de aluminio cedido por la fábrica Inasa de Irurtzun. Un grupo de vecinos realizó de forma desinteresada los armazones. Los trajes los confeccionaron varias mujeres de la localidad.En 1997, Ángel Azkona suavizó los rasgos de la cara de Amaia y de Petronila, y les añadió un cuerpo, ya que inicialmente eran solamente bustos, y en 2001 les tocó el turno a García Ximénez y Teodosio de Goñi. Los armazones se sustituyeron por otros menos voluminosos, también de aluminio. Lucen trajes nuevos, y Teodosio ha pasado del color pelirrojo al castaño oscuro actual.","Konpartsa 1982. urtean jaio eta 1983ko uztailaren 23an atera zen estreinakoz. Haien nahia zen erraldoiek herriarekin harremana izatea. Hori dela eta, ez zuten lantegi batean egin nahi. Navarro Villosladak idatziriko “Amaia o los vascos en el siglo VIII” nobelan agertzen ziren lau pertsonai aukeratu ziren: Amaia, García Ximenez, Petronila eta Teodosio de Goñi,Irudiak Ángel Azkona artisauak moldeatu zituen beira-zuntzarekin, eta euskarriak Irurtzungo Inasak emandako aluminioarekin egin ziren, irurtzundar talde batek eskuzabaltasunez egin ere. ","Irurtzungo zenbait emakume arduratu ziren jantziak josten.1997an, Ángel Azkonak Amaia eta Petronilaren hazpegiak leundu zituen, eta gorputz bana eman zien, hasieran bularra besterik ez baitzuten. 2001ean Garcia Ximenez eta Teodosio de Goñi erraldoien konponketari ere ekin zion. Euskarriak arindu eta jantzi berriak egin ziren. Teodosio ilegorria zen eta orain gaztain kolorekoa.",erraldoia_165.png,Iruntzungo erraldoiak(denak batera).jpg,
Leiza,Leitza,"Los gigantes recorrían las calles de Leitza en los años 70 y 80. Eran una pareja de reyes moros, que fueron el origen de los actuales gigantes (Lizarra y Garazi), que también son una pareja de reyes moros pero con personalidad propia y diferenciada. ",Los gigantes actuales los fabricó Mari Ganuza en 1999.,"Erraldoiak aspalditik dira ibiliak Leitzako kaleetan barna. 70eko eta 80ko hamarkadetan errege mairuen bikote bat ateratzen zen herritik, eta horiek dira, hain zuzen, egungo Leitzako erraldoien iturburua.","Egungo erraldoiak, Lizarra eta Garazi izenekoak, errege mairuen bikote bat dira ere, Mari Ganuzak 1999. urtean egindakoak, baina berezko nortasunarekin.",erraldoia_180.png,,
Lesaka,Lesaka,"Los gigantes de Lesaka, que son una pareja de reyes blancos, llegaron a la localidad a finales de los años cuarenta o principios de los cincuenta. Los fabricó la empresa catalana El Ingenio.","Son, como la mayor parte de los gigantes catalanes, altos y delgados. Originariamente tenían pelo natural, que luego fue sustituido por uno de fibra de vidrio.","Lesakako erraldoiak errege txurien bikote bat dira eta Kataluniako ·El Ingenio enpresak egin zituen 40ko hamarkadaren bukaeran edo 50ekoaren hasieran.","Kataluniako erraldoi guztiak bezala, hauek ere luzeak eta argalak dira. Hasiera batean ile naturala zeukaten, baina gero ilea aldatu eta beira-zuntzarekin egindakoa paratu zitzaien.",erraldoia_92.png,Lesaka 1.JPG,Lesaka 2.JPG
Lodosa,Lodosa,"Los gigantes antiguos de Lodosa datan de 1944. Son Pimentonero, que representa a un comprador de pimientos, e Isolina, una cortesana que ha cogido el nombre de una antigua maestra de la localidad. Los fabricó la empresa de Zaragoza Juguetería Recacha.","En 1999 se decidió hacer una copia y preservar los antiguos. De la copia se encargo Xabier Garate, el artesano de Irun.Fue también Xabier Garate quien en 2005 realizó la segunda pareja de gigantes de la localidad: los auroros, Miguel y Angustias, financiados por el grupo de auroros de la localidad.",Lodosako erraldoi zaharrak 1944koak dira. Haien izenak dira Pimentonero (piperrak erostera joandako gizon bat) eta Isolina (neska aberats bat). Isolina izena zuen herriko maistra batek. Erraldoien bikote hau Zaragozako Jugueteria Recacha enpresak egin zituen.,"1999. urtean, zaharrak zainze aldera, kopia bat egitea deliberatu eta Irungo artisau Xabier Garateri enkargatu zitzaion.2005ean Xabier Garatek ere egin zituen bigarren bikotea: auroroak, Migel eta Angustias. Bikote hau herriko auroroen taldeak ordaindu zuen.",erraldoia_05.png,Lodosa_1.jpg,Lodosa_2.jpg
Lumbier,Irunberri,La primera pareja de gigantes de Lumbier data de 1956. Los fabricó la empresa Juguetería Recacha y representan a los Reyes Católicos. ,"La segunda pareja, que representa a una pareja de roncaleses ataviada con traje tradicional, es de 1975, y la fabricó Aragonesa de Fiestas.",Irunberriko erraldoien lehenbiziko bikotea 1956koa da. ,"Jugueteria Rechacha enpresak egin zituen eta Errege Katolikoak irudikatzen dituzte. Bigarren bikotea, ordez, Errekonkariko bi biztanle irudikatzen ditu, biak ala biak aintzineko jantziarekin. 1975. urtean fabrikatu zituen Aragonesa de Fiestas enpresak.",erraldoia_13.png,,
Mendillorri,Mendillorri,"Los gigantes de Mendillorri se llaman Atarrabi y Mikelatz, y son hijos de la diosa Mari. ","Mientras Atarrabi es bueno y protector, Mikelatz es malvado y dañino. Las cabezas se hicieron en el taller de Xabier Garate y del resto se ocupó gente del barrio. Se presentaron en sociedad el 23 de diciembre de 2008, día en el que tradicionalmente llega el Olentzero a Mendillorri.","Mendillorriko erraldoiak Atarrabi eta Mikelatz deitzen dira, Mariren semeak. Atarrabi on puxka bat da. Mikelatz, aldiz, gaiztoa eta bekaiztia. ","Erraldoien buruak Xabier Garatek egin zituen, eta gainontzekoa auzoan bertan egin zen. Tradizionalki, abenduaren 23an ailegatzen da Olentzero Mendillorrira, eta 2008ko egun hori aukeratu zen erraldoiak aurkezteko.",erraldoia_32.png,Mendillorri 1.jpg,Mendillorri 2.jpg
Noáin,Noain,"Los primeros cuatro gigantes de Noain se presentaron en septiembre de 1982, y los había fabricado la empresa Aragonesa de Fiestas.","En junio de 1999 se presentaron en sociedad otros dos gigantes, llamados Pascasio y Leonor. Y en 2004 se completaron las figuras grandes de Noain con Miguel y Ángela.","Noaingo lehenbiziko lau erraldoiak 1982ko irailean aurkeztu ziren, eta Aragonesa de Fiestas enpresak egindakoak ziren.","Urte askoren ondoren, 1999an, bi erraldoi berri egin zituzten, Pascasio eta Leonor izenekoak. Eta 2004an ailegatu ziren azkenak, Miguel eta Angela.",erraldoia_00.png,,
Ochagavía,Otsagabia,"En 1988 el grupo de danzas de Ochagavía junto con los gaiteros decidieron crear una comparsa de gigantes representativa del pueblo. Los personajes que eligieron fueron dos salacencos, vestidos con el traje típico, y una pareja de pastores.","Los jóvenes del pueblo se pusieron manos a la obra en los locales de la sociedad Gartxot. Miguel Vallarín les ayudó con el modelado de las cabezas, y en la confección de los trajes tomaron parte Mari Carmen de Andrés, Mari Carmen Recalde, Josefa Zoco y Simeón Izal.Los gigantes salieron por primera vez en 1990, en las fiestas del pueblo.","Otsagabiako dantza taldeko kideei eta gaiteroei bururatu zitzaien erraldoi berriak sortzea, hori bai hauek lotura izan behar zuten herriko idiosinkrasiarekin. Hori dela eta, bi zaraitzuar eta bi artzain aukeratu zituzten. Hori dena 1988. urtean gertatu zen.","Herriko gazteek sutsuki ekin zioten lanari Gartxot elkartean. Miguel Vallarín jaunak lagundu zien buruak modelatzen eta Mari Carmen de Andrések, Mari Carmen Recaldek, Josefa Zocok eta Simeón Izalek jantziak josten.Ondorioz, 1990eko jaietan Otsagabiako erraldoiak dantzan ibili ziren herriko kaleetan barna.",erraldoia_01.png,Otsagabia 3.jpg,Otsagabia 4.jpg
Orkoien,Orkoien,"Los gigantes de Orkoien están dedicados a los patronos del pueblo, San Miguel y Santa Ágeda, por lo que se llaman Mikel y Águeda. .",Mikel es un soguero y Águeda una mujer de la Cuenca. Fueron construidos por Mari Ganuza en 2004,"Orkoiengo erraldoiak herriko patroiak diren Mikel eta Ageda deunei daude eskainita. Hori dela eta, herriko bizilagunek Mikel eta Ageda deitzen dute.", Mikel sokagilea da eta Ageda Iruñerriko ohiko emakume bat. Mari Ganuzak egin zituen 2004. urtean.,erraldoia_91.png,,
Pamplona,Iruña,"El pintor y artesano pamplonés Tadeo Amorena dirigió en 1860 una carta al ayuntamiento ofreciéndose a realizar una pareja de gigantes, de un proyecto de cuatro parejas que representarían a las cuatro partes del mundo, cobrando únicamente por el material. El Ayuntamiento aceptó inmediatamente la propuesta y le encargó la realización de los dos primeros gigantes, los europeos.","El artesano pamplonés elaboró la primera pareja de gigantes en un corto plazo de tiempo y estos agradaron mucho al consistorio, que le encargó inmeditamente la realización de las otras tres parejas. De manera que los ocho gigantes estuvieron listos para bailar en las fiestas de Sanfermín de 1860.Los gigantes de Pamplona tienen nombre. El rey europeo se llama Josemiguelerico, la reina Josephamunda. Los asiáticos se llaman Sidi abd El Mohame y Esther Arata. Los africanos Selim-pia El calzao y Larancha-la. Y los americanos Toko-toko y Braulia.","Tadeo Amorena izeneko irunsheme batek gutun bat igorri zion Iruñeko Udalari 1860. urtean. Gutunean bere burua eskaintzen zuen erraldoien bikote bat egiteko materialaren trukean. Amorenaren proiektua handiagoa zen, zeren munduko zati bakoitza ordezkatuko zuen lau erraldoi bikote egin nahi baitzituen. Iruñeko Udalari ideia ongi iruditu eta, gutuna jaso bezain laister, lehenbizio bikotea (europarrak) egitea enkargatu zion. ","Amorenak oso denbora gutxian egin zituen. Udalari artisauaren lana gustatu zitzaion eta berehelaxe enkargatu zion gainontzeko hiru bikoteak egitea. Eta Iruñeko pintoreak azkar egin zituen berriro ere, zeren 1860ko Sanferminetan zortzi erraldoiak dantzan ibili baitziren Iruñeko kaleetan barna. Iruñeko erraldoiek izena daukate. Errege europarra Josemiguelerico deitzen da eta erregina Josephamunda. Asiarrak Sidi abd El Mohame eta Esther Arata deitzen dira. Afrikarrak Selim-pia El calzao y Larancha-la dira. Eta Amerikarrak Toko-toko eta Braulia.",erraldoia_73.png,Alde Zaharra.jpg,
Peralta,Azkoien,"Los gigantes de Peralta datan de 1947, cuando el ayuntamiento decidió comprar a la empresa El Ingenio una pareja de reyes blancos. ","Vista la aceptación que tuvieron en el pueblo, acordaron comprar también una pareja de reyes negros.",Azkoiengo erraldoiak 1947an heldu ziren.," Udalak erabaki zuen errege txurien bikote bat erostea El Ingenio enpresari. Ikusita herrian arrakasta itzela izan zutela, beste bikote bat, errege beltzena, erosi zuten.",erraldoia_10.png,gigantes_peralta.jpg,
Perrinche,Perrintxe,"El nombre de esta comparsa es el apodo de un popular personaje tudelano llamado Miguel Sánchez Montes. Esta persona singular construyó en 1943, junto con su cuadrilla de amigos, una pareja de gigantes con el ánimo de participar en una novillada organizada para recaudar fondos en favor de las Siervas de María.Es intención de la comparsa actual seguir con el espíritu jovial y divertido de Perrinche, a través de la divulgación folclórica del mundo de los gigantes.La presentación oficial de la comparsa fue el 14 de junio de 2003 con la puesta de largo de sus cuatro primeros gigantes de la comparsa mayor (gigantes bíblicos), elaborados por Xabier Garate, con trajes de Julia Calvo. Estos primeros gigantes grandes son Herodes, Herodías, el verdugo Flavio y la princesa Salomé.","En 2008 se presentaron otros cuatro gigantes grandes con los que se inició el grupo de “Gigantes de las tres Culturas. Esta vez fue Aitor Calleja quien los construyó, y de los trajes se encargó Carmen Izco. Estas nuevas figuras representan a personajes históricos de Tudela: Benjamín de Tudela, Solbella, Muzà ibn Muzà ibn Fortún, su esposa Assona.El día 18 de junio 2011 dos nuevos gigantes (cristianos) se incorporan al grupo ""Gigantes de las tres Culturas"".El 8 de junio de 2012 se inicia el grupo de ""Gigantes del Reyno"", representando a reyes y príncipes del Reyno de Navarra, con la incorporación de dos gigantes: Carlos III ""El Noble"" y su hija, Blanca I de Navarra. El 1 de junio de 2013 se incorpora a este grupo la figura de D. Carlos, Príncipe de Viana.TarascaLa Tarasca representa al Mal absoluto, y es por ello que tiene un aspecto terrorífico. Este elemento desfilaba tradicionalmente en la procesión de Corpus Christi de Tudela y desde el año 2010 el Centro Cultural “Miguel Sánchez Montes” lo ha recuperado para la ciudad.Tiene una cabeza movible, con cuerno central, grandes orejas y enorme boca, que abre y cierra, provista de colmillos puntiagudos. En su cuerpo de anfibio destaca una joroba, dos alas y una larga cola que se mueve de un lado a otro.Durante el recorrido la tarasca hace mención de atacar a los espectadores (tarascadas), especialmente a los niños.Fue construida por el artesano pamplonés Aitor Calleja Unzu","Tuteran jaio eta bizi zen oso pertsona kutun bat zen Miguel Sánchez Montes, ezizenez Perrintxe. Gizon alaia zen oso, beti zegoen ongi pasatzeko prest. 1943. urtean Perrinchek eta bere lagun taldekoek bi erraldoi egin zituzten Mariaren Zerbitzarien aldeko sosa biltze aldera antolatu zen zezenketa batean parte hartzeko.Konpartsa honek gizon paregabe honen ezizenetik hartu zuen izena, eta bere izaera alai eta parrandazalea jarraitzeko asmoarekin, erraldoien mundu folklorikoa zabaltzeari ekiten dio.Konpartsaren aurkezpen ofiziala 2003ko ekainaren 14an izan zen, lehenbiziko erraldoi handiak (erraldoi biblikoak) ezagutarazten. Erraldoi hauek Xabier Garatek egin zituen eta jantziak Julia Calvo andreak josi zituen. Hauexek dira haien izenak: Herodes, Herodías, Flavio borreroa eta Salomé printzesa.","2008an beste lau erraldoi handi aurkeztu ziren, eta haiekin “Hiru Kulturetako Erraldoiak” taldeari eman zitzaion hasiera. Oraingo honetan Aitor Callejaren esku gelditu zen erraldoiak egitekoa, eta jantziak Carmen Izcok josi zituen. Irudi berri hauek Tuterako pertsonai historikoak irudikatzen zituzten: Tuterako Benjamín, Solbella, Muzà ibn Muzà ibn Fortún eta Assona, bere emaztea.Bi erraldoi berri (kristauak) heldu ziren 2011ko ekainaren 18an “Hiru Kulturetako Erraldoiak” taldea osatze aldera.Azkenik, 2012ko ekainaren 8an “Erreinuko Erraldoiak” taldearen lehenbiziko bi erraldoiak (Carlos III.a “Noblea” eta bere alaba Nafarroako Blanka I) aurkeztu ziren. Talde honetan Nafarroako Erreinuko errege eta printzeak irudikatu nahi dira. 2013ko ekainaren 1ean beste erraldoi bat, Vianako Printzea, sartu zen taldean.TarascaIrudi honek itxura beldurgarria du eta Gaiztoa irudikatzen du. Tuteran aspaldidanik honen antzeko irudi bat atera ohi zuten Gorpuzti-egunean, eta “Miguel Sánchez Montes” Kultur Zentroak ohitura hori berreskuratu zuen 2010ean.Adar bat dauka bere buru mugikorrean, oso belarri handiak eta ireki eta ixten duen aho itzela, letagin zorrotzez hornituta. Bere anfibio gorputzean nabarmentzen dira konkor handi bat, bi hego eta alde batera eta bestera mugitzen den buztan luze bat.Ikusleak, haurrak bereziki, erasoko dituelako imintzioa egiten du Taraskak bere ibilbidean.Iruñeko artisau Aitor Calleja Unzuk egin zuen.",erraldoia_11.png,Perrintxe 6.jpg,Perrintxe 3.jpg
Puente La Reina,Gares,"Como en muchas otras localidades, los primeros gigantes de Puente la Reina fueron una pareja de Reyes Católicos fabricados en 1961 por la empresa Juguetería Recacha.","Años más tarde, se decidió encargar a Félix Flamarique, Mari Ganuza, Blas Subiza y Alfredo Sada la elaboración de otra pareja de gigantes. Y así fue como en 1986 se presentaron Juan de Labrit y Catalina de Foix.","Nafarroako beste herrietan bezala, Gareseko lehenbiziko erraldoiak Errege Katolikoak izan ziren, Juguetería Recacha enpresak 1961. urtean egindakoak. ","1986an Félix Flamariquek, Mari Ganuzak, Blas Subizak eta Alfredo Sadak osaturiko talde bati enkargatu zitzaion beste erraldoien bikote bat egitea. Eta horrela heldu ziren Juan de Labrit eta Catalina de Foix.",Erraldoia_108.png,,
San Jorge,Sanduzelai,Fue un grupo de vecinos quien promovió la creación de la comparsa en 1992.," Los personajes que eligieron para sus figuras tenían que estar relacionados con el barrio. Ion (el ermitaño), era el ermitaño de la ermita de San Jorge; Katalintxe (la criada) era una más de las criadas de los caseríos que lavaba la ropa en el Arga; García (el juntero) era un escudero que fue detenido durante una reunión de la Junta de Miluce; y Maritxu (la etxekoandre) representa a la matriarca de los caseríos de la zona.",1992. urtean auzolagunen talde batek erraldoien konpartsa bat sortu nahi izan zuen auzorako. Hasieratik pentsatu zuten pertsonaiak Sanduzelai auzoarekin lotuta egon behar zirela. ,"Hori dela eta, hauexek aukeratu zituzten: Ion (ermitaua), Sanduzelaiko baselizako ermitaua zen; Katalintxe (neskamea), Arga ibaian arropa garbitzen zuen neskameen ordezkaria; Gartzia (batzarkidea), ezkutaria zen eta Miluzeko Batzarreko bilera batean atxilotua; Maritxu (etxekoandre), Sanduzelai inguruko baserrietako etxekoandreen ordezkaria.",Erraldoia_123.png,,
San Juan,Donibane,"Al gaitero Tomás Díaz se le ocurrió en 1988 formar una comparsa de gigantes para dinamizar el barrio y que los gaiteros de Ezpelur pudieran practicar. Los gastos los sufragó la peletería Euskal Piel.","Quisieron los promotores que los personajes representados estuvieran relacionados con el folclore navarro, y eligieron al Bobo de Ochagavía, el Volante de Valcarlos, la cantinera de la Mascarada de Zuberoa y el zanpantzar de Ituren. Mari Ganuza construyó los gigantes, con bocetos de Félix Flamarique, en los locales de Ezpelur. Las figuras se guardaron durante muchos años en los locales de “Los Amigos del Arte” en la calle mayor.La presentación de la comparsa en sociedad fue en 1990.","1988. urtean Tomás Díaz gaiteroari bururatu zitzaion Donibane auzoan konpartsa bat sortzea, auzoa dinamizatze aldera eta baita Ezpelur gaiteroen taldeak praktikatu ahal izateko ere. Sorturiko gastuak Euskal Piel larrudendak ordaindu zituen.","Sustatzaileek Nafarroako folklorearekin loturiko pertsonaiak irudikatu  nahi zituzten, eta Otsagabiako Boboa, Luzaideko Bolantea, Zuberoako Maskaradako Kantinera eta Iturengo zanpantzarra aukeratu zuten. Erraldoiak Mari Ganuzak egin zituen, Félix Flamariquek egindako diseinuarekin, Ezpelur taldearen egoitzan. “Los Amigos del Arte” elkarteak Iruñeko kale nagusian zeukan egoitzan gorde izan ziren urte luzez.Konpartsaren aurkezpen ofiziala 1990. urtean izan zen. ",erraldoia_160.png,,
Tafalla,Tafalla,"Cuatro de las seis figuras tafallesas llegaron a la localidad en 1919. Eran una pareja de reyes cristianos, el negro y el chino. Y se encargó su construcción a la empresa Losada y Cía.","En 1981 se incorporaron a la comparsa la china y la negra. La comparsa había solicitado al ayuntamiento dos nuevos gigantes para que el negro y el chino tuviesen pareja. La construcción se encargó a la empresa Aragonesa de Fiestas, aunque las cabezas de estos gigantes fueron originales. Los trajes los confeccionaron Elvira Elizalde y Maritxu Górriz.Ese mismo año se realizó una copia de los reyes cristianos, que estaban muy deteriorados.","Tafallako sei erraldoietako lau 1919an heldu ziren herrira. Errege kristauen bikote bat, beltz bat eta txinatar bat ziren. Erraldoi hauek Losada y Cia enpresak egin zituen.1981ean, konpartsakideek eskatutakoari men eginez, Udalak bi erraldoi berri erosi zituen, beltza andrea eta txinatar andrea. Horrela beltzak eta txinatarrak bikotea izan zuten ere. Aragonesa de ","Fiestas enpresak egin zituen. Hala ere, bi erraldoi hauetako buruak originalak dira. Jantziak Elvira Elizalde eta Maritxu Gorriz Tafallako bizilagunek egin zituzten.Urte horretan ere errege kristauen kopia bat egin zen, dagoeneko oso hondaturik baitzeuden.",Erraldoia_132.png,,
Tudela,Tutera,"Los actuales gigantes de Tudela datan de 1986. El día de Reyes de ese año, a iniciativa de los gaiteros de Pamplona y con la ayuda de otros colectivos, se hizo entrega a la Orden del Volatín de una pareja de gigantes representando a Sancho VII el Fuerte y a Juan de Labrit. La idea era los gigantes de cada localidad estuviesen relacionados con la historia local.","La Orden del Volatín donó los gigantes al Ayuntamiento, y este decidió encargar otra pareja, Doña Sancha y Catalina de Foix, que se estrenó ese mismo año en las fiestas de la localidad.Los gigantes fueron construidos por Félix Flamarique, Mari Ganuza, Blas Subiza y Alfredo Sada. El diseño fue obra de Benito Goñi. Y el proyecto lo coordinaron Javier Lacunza y José Luis Fraile.","Tuterako egungo erraldoiak 1986koak dira. Ideiaren sustatzaileak Iruñeko gaiteroak izan ziren eta beste talde batzuetako laguntza ere izan zuten. Haien proiektua zen herri bakoitzeko erraldoiek lotura izatea tokian tokiko historiarekin. Urte horretako errege egunean Orden del Volatin-eri erregalatu zizkioten bi erraldoiak, Antso VII.a Azkarra eta Juan de Labrit.","Orden del Volatin-ek Udalari eman zizkion erraldoiak, eta honek beste bikote bat enkargatu zien artisau berberei, Santxa eta Catalina de Foix, urte bereko jaietarako estreinatu zirenak.Erraldoiak Félix Flamariquek, Mari Ganuzak, Blas Subizak eta Alfredo Sadak osaturiko talde batek egin zuen. Diseinua Benito Goñirena zen. Eta proiektua koordinatzeaz Javier Lacunza eta José Luís Fraile arduratu ziren.",Erraldoia_127.png,,
Uharte-Arakil,Uharte-Arakil,"La primera pareja de gigantes del pueblo data del año 2000, fecha en la que Xabier Garate creo una pareja de reyes llamados Donato y Mikaela. Donato es el nombre de una ermita situada en un monte cercano y la denominacion de la reina era en honor a San Miguel de Aralar.","Dos años después, en 2002, Xabier Garate volvió a construir otra pareja de gigantes. Esta segunda pareja se dedicó al compositor local Felipe Gorriti y Martija Jauregi, quien fue curandera de la localidad en el siglo XVIII. ","Herriko lehenbiziko erraldoien bikotea 2000. urtean heldu zen. Irungo artisau Xabier Garatek egin zituen eta Donato eta Mikaela dute izena. Donato herriaren ondoko mendi bateko baselizaren izena delako, eta Mikaela Aralarko Mikel Deunaren oroimenez.","Bi urte geroago, 2002an, berriro ere Xabier Garatek bigarren bikotea egin zuen. Bi erraldoi hauekin herriko bi pertsona ospetsu gogoratu nahi izan zuten: Felipe Gorriti, musika konpositorea; eta Martija Jauregi, XVIII. mendeko herriko petrikilioa.",erraldoia_80.png,,
Valtierra,Valtierra,El Ayuntamiento de Valtierra tomó la decisión de encargar la fabricación de una pareja de gigantes en 2006.," Se la encargo al artesano Aitor Calleja, quien creó dos gigantes que representan a Sanchicorrota, un famoso bandolero bardenero del siglo XV, y la reina Blanca de Navarra.",Valtierrako Udalak 2006. urtean erabaki zuen herriak bere erradoiak izan behar zituela. ,"Mandatua Aitor Calleja artisauaren esku utzi zuen, eta honek bi erraldoi egin zituen: Sanchicorrota, XV. mendean Bardeetan barna ibilitako bidelapur ospetsua, eta Nafarroako Blanka erregina.",erraldoia_85.png,,
Villava,Atarrabia,"En 1977 un grupo de vecinos tomó la iniciativa de realizar una pareja de gigantes. Realizados entre varios vecinos de forma artesanal, se llamaron El Viejo y La Pelos y representaban a dos vecinos del pueblo. Estos gigantes ya no salen porque se encuentran bastante deteriorados.","Posteriormente, en 1981, el ayuntamiento encargo la realización de una pareja de gigantes que representaran a Sancho VI (el Sabio), fundador de la villa, y a su esposa Sancha. Esta pareja fue creada por Javier Irisarri y Alicia Osés. Mari Ganuza fabricó unas copias más ligeras de estos gigantes.Estos mismos artesanos fabricaron en 1990 otra nueva pareja, un pastor y una hilandera, vecinos de un Villava medieval, llamados Martintxo y Maritxu.Finalmente, en 2007, Aitor Calleja construyó al almirante Pedro de Andosilla y a su esposa María Périz Beortegui.","1977. urtean herriko bizilagun talde bati bururatu zitzaion erraldoien bikote bat egitearen ideia. Beraiek egin zituzten, artisau-moduan, El Viejo y La Pelos. Erraldoi hauek irudikatzen omen zuten herriko bi bizilagun. Bi irudi hauek oso hondatuta omen daude eta jada ez dira ateratzen.","1981ean, udalak beste bikote bat egitea erabaki zuen. Aukeraturiko pertsonaiak izan ziren Antso VI.a (Jakituna), herriko fundatzailea, eta bere emazte Antsa. Erraldoi hauek Javier Irisarrik eta Alicia Osesek egin zituzten. Geroago, Mari Ganuzak, horien pisua arintze aldera, kopiak egin zituen.Javier Irisarrik eta Alicia Osesek ere egin zuten beste erraldoien bikote bat, artzaina eta irulea, Martintxo eta Maritxu izenekoak, Erdi Aroko Atarrabiako bizilagunak omen zirenak. Azkenik, 2007. urtean, Aitor Callejak egin zituen Pedro de Andosilla almirantea eta bere emazte María Périz Beortegui. ",erraldoia_81.png,,
Zizur Mayor,Zizur Nagusia,"Fueron los miembros de la charanga Galtzagorri quienes tuvieron la iniciativa de crear los primeros gigantes de esta localidad. Y fueron ellos mismos quienes, ayudados por algún otro vecino, crearon la pareja de gigantes formada por Sol y Luna. ","Al mismo tiempo, el ayuntamiento encargo una pareja de mayordomos a Mari Ganuza. Así pues, los cuatro gigantes de la localidad nacieron el mismo año, 1993.","Galtzagorri txarangako kideei bururatu zitzaien erraldoien bikote bat egitea. Bururatu eta egin. Haiek beraiek, herriko zenbait bizilagunek lagunduta, sortu zituzten Eguzkia eta Ilargia."," Aldi berean, udalak enkargatu zion Mari Ganuzari erraldoien bikote bat -maiordomoak- egin zitzan. Beraz, herriko lau erraldoiak bide ezberdinetatik baina urte berean jaio ziren, 1993. urtean, hain zuzen.",erraldoia_82.png,,
Bera,Bera,"Los actuales gigantes de Bera datan del año 2010, cuando fueron construidos por Xabier Garate en el taller Txilipurdi de Irun.","Para decidir qué personajes representarían al pueblo, el ayuntamiento organizó un concurso de ideas y los vecinos colaboraron proponiendo personajes. Los personajes elegidos fueron una pareja de dantzaris, una Lamia y Larungo Jentila.","Egungo Berako erraldoiak 2010. urtean egin zituen Xabier Garatek Irungo Txilipurdi tailerrean.","Aldez aurretik, Berako Udalak lehiaketa bat antolatu zuen biztanleek pertsonaiak proposa zitzaten, eta baita hauek proposatu ere. Harrezkero, Berako herria ordezkatzen dituzten irudi handiak dira dantzarien bikote bat, Lamia eta Larungo Jentila.",,Bera_2.JPG,Bera 12.jpg
Estella,Lizarra,"Los actuales gigantes de Estella son una réplica exacta de los que en 1905 construyera Bartolomé Domingo por encargo del ayuntamiento. Estando ya muy deteriorados los antiguos fabricados en cartón piedra, el ayuntamiento decidió encargar unas copias en poliester que serían fabricadas el año 1988 en la Txantrea por un grupo de artesanos dirigidos por Blas Subiza.",Los personajes representados por los gigantes de Estella son (reyes blancos) Juan de Labrit y Blanca de Navarra y una pareja de reyes moros.,"1905. urtean Lizarrako Udalak enkargua eman zion Bartolomé Domingori erraldoien bi bikote egin zitzan. Erraldoi horiek harri-kartoiez zeuden eginak. Erabilitako materialaren ahultasuna dela eta, 1988. urtean Udalak erabaki zuen erabat hondatuta zeuden erraldoien kopiak egitea. ","Kopia horiek Blas Subizak buru zuen artisau talde batek egin zuen 1988an Txantrean, poliester erabilita.Lizarrako konpartsako erraldoien pertsonaiak dira Juan de Labrit eta Nafarroako Blanka eta errege mairuen bikote bat.",,Lizarra_5.jpg,Lizarra_6.JPG
Lakuntza,Lakuntza,"Los gigantes de la comparsa de Lakuntza han sido construidos por el pamplonés Josu Iragi, con la ayuda de varios vecinos del pueblo. ","Entre los años 2003 y 2004 llegó a la localidad la primera pareja de gigantes, un fundidor, como recuerdo a las fundiciones que han existido en Lakuntza, y la etxekoandre, quien lleva en la mano un postre típico: la piperopila. La segunda pareja llegó en 2004, y representa a un labrador y una dantzari.","Iruñeko Josu Iragik egin zituen Lakuntzako erraldoiak, herriko zenbait bizilagunekin lagunduta. Lehenbiziko bikotea 2003. eta 2004. urteen artean ailegatu zen herrira: galdategi bateko langile bat (Lakuntzan galdategiak oso ohikoak baitziren) eta etxekoandre bat. ",Bigarren bikotea 2004koa da eta nekazari bat eta dantzari bat irudikatzen dute.,,Lakuntza 1.JPG,Lakuntza 2.JPG
Ansoain,Antsoain,Los cuatro gigantes de Ansoain fueron construidos por Mari Ganuza.,"  Los primeros, la pareja de segadores (Tasio y Kattalin) es de 1999, y la de artesanos (Pablo y Maritxu) de 2000.","Antsoaingo lau erraldoiak Mari Ganuzak egin zituen. Lehen bikotea,  segalariak, Tasio eta Kattalin izenekoak, 1999an jaio ziren, eta bigarren bikotea, artisauak, Pablo eta Maritxu deitutakoak, 2000an.",,,,
Milagro,Milagro,"Los cuatro gigantes de Milagro han sido construidos por Mari Ganuza. En 2008 hizo una pareja que representa al rey Pedro I, quien construyó la Atalaya en Milagro para defenderse de los moros, y a doña Leonor, reina de Navarra.","El 25 de agosto de 2013 la comparsa de Milagro ha presentado otra pareja de gigantes, en este caso el rey Sancho y doña Blanca de Navarra, que sustituyen a una pareja anterior que representaba a las mismas figuras. Estos dos personajes están vinculados con la concesión de derechos y fueros a la Villa. Los trajes de estos dos gigantes han sido diseñados por Ángel Pérez y confeccionados por Conchi Aguirre Pejenaute.","Los cuatro gigantes de Milagro han sido construidos por Mari Ganuza. En 2008 hizo una pareja que representa al rey Pedro I, quien construyó la Atalaya en Milagro para defenderse de los moros, y a doña Leonor, reina de Navarra.Milagroko lau erraldoiak Mari Ganuzak egin ditu. 2008an egindako irudiek pertsonai hauek irudikatzen dute: Pedro I.a, mairuen kontra borrokatzeko Milagroko talaia eraiki zuena, eta Leonor Nafarroako erregina.","2013ko abuztuaren 25ean Milagroko konpartsak beste erraldoien bikote bat aurkeztu du, Antso erregea eta Nafarroako Blanka, hain zuzen. 1980tik aitzina bazen beste bikote bat pertsonai hauek irudikatzen zituena, eta aurkeztu berriko hauek horiek ordezkatzera etorri dira. Bi pertsonai hauek lotuta daude Milagrori eskubide eta Foruen emakidarekin. Erraldoi hauen jantziak Ángel Pérez-ek diseinatu eta Conchi Aguirre Pejenautek egin ditu.",,Milagro.jpg,
Marcilla,Martzilla,"Esta comparsa, creada hacer 30 años, es heredera de otra que existía en los años 30 del siglo pasado y que dejó de bailar tras la Guerra Civil.En 1985 el Ayuntamiento compró a la empresa Aragonesa de Fiestas dos gigantes, el Rey Católico y Cleopatra. Pero en Marcilla decidieron bautizarlos con los nombres de dos ilustres personajes relacionados con el pueblo: el coronel Cristóbal de Villalva y Ana de Velasco. Con motivo del XXV. aniversario se les dotó de unos ropajes más acordes, realizados por la Asociación de Mujeres de Marcilla.","Cristóbal de Villalva participó activamente en la conquista de Navarra y recibió el encargo de destruir las fortalezas del Reino. Cuando llegó a Marcilla para cumplir con su misión se encontró con el coraje de doña Ana de Velasco, de ilustre familia castellana, quien se opuso a la destrucción del castillo y consiguió que se mantuviera en pie.","Konpartsa hau duela 30 urte sortu zen eta 30eko hamarkadan existitu eta Gerra Zibilaren ondoren desagerturiko beste baten oinordekoa da.1985. urtean Udalak erraldoien bikote bat erosi zion Aragonesa de Fiesas enpresari: Errege Katolikoa eta Kleopatra. Hala ere, Martzillako bizilagunek herriarekin loturiko bi pertsonai ospetsuen izenekin bataiatu zituen: Cristobal de Villalva koronela eta Ana de Velasco. XXV. urteurrenean Martzillako Emakumeen Elkarteak jantzi berriak egin zizkien.","Cristobal de Villalva Nafarroako Konkistan hartu zuen parte eta Erreinuko gotorleku eta gazteluak suntsitzeko agindua jaso zuen. Martzillan Ana de Velasco zen gazteluko jaunaren emaztea, eta aurka egin zion Villalva koronelaren asmoari.",,Marcilla.jpg,
Etxalar,Etxalar,Los gigantes de Etxalar son una pareja de caseros fabricados por Xabier Garate en 2004. ,"Muchos años antes ya existían gigantes en el pueblo, también una pareja de caseros, que habían sido adquiridos a la empresa Mirete de Murcia.","Etxalarko erraldoiak baserritarren bikote bat da, 2004an Xabier Garatek eginak. ",Baina hauek ez dira Etxalar herriko lehenbizko erraldoiak. Aspaldian ere bazegoen baserritarren beste bikote bat hauekin ordeztu zirenak hondatuta omen zeudelako.,,,
Miranda de Arga,Miranda-Arga,"Esta comparsa nació en 1996. Fueron los propios vecinos de la localidad, dirigidos por Rafa Miranda, quienes construyeron los gigantes, y para su realización emplearon, entre otros materiales, cartones de huevos. ",Los trajes también los confeccionaron costureras de la localidad.Los personajes elegidos fueron el militar y diplomático mirandes del siglo XVIII Capitán Zelaya y doña Leonor de Navarra.,"Konpartsa hau 1996an sortu zen. Erraldoiak herriko bizilagunek egin zituzten, Rafa Mirandaren gidaritzapean. Beste materialeen artean, arrautzen kartoizko edukiontziak ere erabili zituzten erraldoiak egiteko. Jantziak ere herrian bertan josi ziren.","Aukeraturiko petsonaiak izan ziren Mirandan 1712. urtean jaiotako militar eta diplomatiko Zelaya kapitaina, eta Nafarroako Leonor.",,Miranda de Arga 1.JPG,Miranda de Arga 2. JPG
